{
  "books": [
  {
    "id": 0,
    "title": "Вторая жизнь Уве",
    "authorName": "Фредрик",
    "author": "Бакман",
    "imageUrl": "https://cv8.litres.ru/pub/c/elektronnaya-kniga/cover_330/20690188-fredrik-bakman-vtoraya-zhizn-uve.jpg",
    "price": 664,
    "rating": 7.9
  },
  {
    "id": 1,
    "title": "1984",
    "authorName": "Джордж",
    "author": "Оруэлл",
    "imageUrl": "https://cv2.litres.ru/pub/c/elektronnaya-kniga/cover_330/63589523--.jpg",
    "price": 415,
    "rating": 6.7
  },
  {
    "id": 2,
    "title": "Девушка в тумане",
    "authorName": "Донато",
    "author": "Карризи",
    "imageUrl": "https://cv2.litres.ru/pub/c/elektronnaya-kniga/cover_415/27066425-donato-karrizi-devushka-v-tumane.jpg",
    "price": 464,
    "rating": 4.1
  },
  {
    "id": 3,
    "title": "Мастер и Маргарита",
    "authorName": "Михаил",
    "author": "Булгаков",
    "imageUrl": "https://cv7.litres.ru/pub/c/pdf-kniga/cover_330/22311873-mihail-bulgakov-master-i-margarita-kollekcionnoe-illustrirovannoe-22311873.jpg",
    "price": 654,
    "rating": 10
  },
  {
    "id": 4,
    "title": "Хаосовершенство",
    "authorName": "Вадим",
    "author": "Панов",
    "imageUrl": "https://cv7.litres.ru/pub/c/elektronnaya-kniga/cover_330/419872-vadim-panov-haosovershenstvo.jpg",
    "price": 432,
    "rating": 9.7
  },
  {
    "id": 5,
    "title": "Империя должна умереть",
    "authorName": "Михаил",
    "author": "Зыгарь",
    "imageUrl": "https://cv3.litres.ru/pub/c/elektronnaya-kniga/cover_415/25922438-mihail-zygar-imperiya-dolzhna-umeret.jpg",
    "price": 741,
    "rating": 3.0
  },
  {
    "id": 6,
    "title": "Происхождение",
    "authorName": "Дэн",
    "author": "Браун",
    "imageUrl": "https://cv9.litres.ru/pub/c/elektronnaya-kniga/cover_415/27624091-den-braun-proishozhdenie-27624091.jpg",
    "price": 710,
    "rating": 3.4
  },
  {
    "id": 7,
    "title": "7 навыков высокоэффективных людей",
    "authorName": "Стивен",
    "author": "Кови",
    "imageUrl": "https://cv8.litres.ru/pub/c/elektronnaya-kniga/cover_415/51799588-smart-reading-stiven-kovi-7-navykov-vysokoeffektivnyh-ludey-moschnye-instr.jpg",
    "price": 347,
    "rating": 5.2
  },
  {
    "id": 8,
    "title": "К югу от границы, на запад от солнца",
    "authorName": "Харуки",
    "author": "Мураками",
    "imageUrl": "https://cv5.litres.ru/pub/c/elektronnaya-kniga/cover_415/129250-haruki-murakami-k-ugu-ot-granicy-na-zapad-ot-solnca.jpg",
    "price": 476,
    "rating": 7.9
  },
  {
    "id": 9,
    "title": "iPhuck 10",
    "authorName": "Виктор",
    "author": "Пелевин",
    "imageUrl": "https://cv0.litres.ru/pub/c/elektronnaya-kniga/cover_415/25564903-viktor-pelevin-iphuck-10.jpg",
    "price": 246,
    "rating": 4.9
  },
  {
    "id": 10,
    "title": "Девушка во льду",
    "authorName": "Роберт",
    "author": "Брындза",
    "imageUrl": "https://cv3.litres.ru/pub/c/elektronnaya-kniga/cover_415/27351732-robert-bryndza-12646976-devushka-vo-ldu.jpg",
    "price": 882,
    "rating": 2.3
  },
  {
    "id": 11,
    "title": "Магия утра. Как первый час дня определяет ваш успех",
    "authorName": "Хэл",
    "author": "Элрод",
    "imageUrl": "https://cv1.litres.ru/pub/c/elektronnaya-kniga/cover_415/19063017-hel-elrod-magiya-utra-kak-pervyy-chas-dnya-opredelyaet-vash-uspeh.jpg",
    "price": 829,
    "rating": 3.9
  },
  {
    "id": 12,
    "title": "История Российского государства. Семнадцатый век",
    "authorName": "Борис",
    "author": "Акунин",
    "imageUrl": "https://cv2.litres.ru/pub/c/elektronnaya-kniga/cover_415/22048122-boris-akunin-mezhdu-evropoy-i-aziey-istoriya-rossiyskogo-gosudarstva-semna.jpg",
    "price": 389,
    "rating": 1.3
  },
  {
    "id": 13,
    "title": "Ведьмак",
    "authorName": "Анджей",
    "author": "Сапковский",
    "imageUrl": "https://cv6.litres.ru/pub/c/elektronnaya-kniga/cover_415/6375365-andzhey-sapkovskiy-vedmak.jpg",
    "price": 424,
    "rating": 9.8
  },
  {
    "id": 14,
    "title": "Атлант расправил плечи",
    "authorName": "Айн",
    "author": "Рэнд",
    "imageUrl": "https://cv7.litres.ru/pub/c/elektronnaya-kniga/cover_415/4236675-ayn-rend-atlant-raspravil-plechi.jpg",
    "price": 157,
    "rating": 6.3
  },
  {
    "id": 15,
    "title": "Очаровательный кишечник. Как самый могущественный орган управляет нами",
    "authorName": "Джулия",
    "author": "Эндерс",
    "imageUrl": "https://cv7.litres.ru/pub/c/elektronnaya-kniga/cover_extra/72060786-dzhuliya-enders-ocharovatelnyy-kishechnik-kak-samyy-moguschestvennyy-organ.gif",
    "price": 573,
    "rating": 4.5
  },
  {
    "id": 16,
    "title": "Скотный двор",
    "authorName": "Джордж",
    "author": "Оруэлл",
    "imageUrl": "https://cv5.litres.ru/pub/c/elektronnaya-kniga/cover_330/63765952-dzhordzh-oruell-skotnyy-dvor-63765952.jpg",
    "price": 317,
    "rating": 7.3
  },
  {
    "id": 17,
    "title": "Метро 2035",
    "authorName": "Дмитрий",
    "author": "Глуховский",
    "imageUrl": "https://cv5.litres.ru/pub/c/elektronnaya-kniga/cover_415/10394259-dmitriy-gluhovskiy-metro-2035.jpg",
    "price": 837,
    "rating": 8.1
  },
  {
    "id": 18,
    "title": "Снеговик",
    "authorName": "Ю",
    "author": "Несбё",
    "imageUrl": "https://cv6.litres.ru/pub/c/elektronnaya-kniga/cover_415/4578362-u-nesbe-snegovik-4578362.jpg",
    "price": 796,
    "rating": 7.6
  },
  {
    "id": 19,
    "title": "Как тренировать память. Не думайте о памяти – лучше используйте ее на все сто!",
    "authorName": "Джонатан",
    "author": "Хэнкок",
    "imageUrl": "https://cv4.litres.ru/pub/c/elektronnaya-kniga/cover_415/11034041-dzhonatan-henkok-kak-trenirovat-pamyat-ne-dumayte-o-pamyati-luchshe-ispolz.jpg",
    "price": 399,
    "rating": 5.1
  },
  {
    "id": 20,
    "title": "Я, робот",
    "authorName": "Айзек",
    "author": "Азимов",
    "imageUrl": "https://cv4.litres.ru/pub/c/elektronnaya-kniga/cover_415/435545-ayzek-azimov-ya-robot.jpg",
    "price": 459,
    "rating": 7.7
  },
  {
    "id": 21,
    "title": "Как хочет женщина. Мастер-класс по науке секса",
    "authorName": "Эмили",
    "author": "Нагоски",
    "imageUrl": "https://cv5.litres.ru/pub/c/elektronnaya-kniga/cover_415/19405358-emili-nagoski-kak-hochet-zhenschina.jpg",
    "price": 729,
    "rating": 9.4
  },
  {
    "id": 22,
    "title": "Евгений Онегин",
    "authorName": "Александр",
    "author": "Пушкин",
    "imageUrl": "https://cv6.litres.ru/pub/c/pdf-kniga/cover_415/7613069-aleksandr-pushkin-evgeniy-onegin-7613069.jpg",
    "price": 228,
    "rating": 3.6
  },
  {
    "id": 23,
    "title": "Мы все из Бюллербю",
    "authorName": "Астрид",
    "author": "Линдгрен",
    "imageUrl": "https://cv8.litres.ru/pub/c/elektronnaya-kniga/cover_415/120686-astrid-lindgren-my-vse-iz-bullerbu.jpg",
    "price": 199,
    "rating": 5.7
  },
  {
    "id": 24,
    "title": "Исчезнувшая",
    "authorName": "Гиллиан",
    "author": "Флинн",
    "imageUrl": "https://cv0.litres.ru/pub/c/elektronnaya-kniga/cover_415/6028900-gillian-flinn-ischeznuvshaya.jpg",
    "price": 476,
    "rating": 6.0
  },
  {
    "id": 25,
    "title": "Почерк Леонардо",
    "authorName": "Дина",
    "author": "Рубина",
    "imageUrl": "https://cv7.litres.ru/pub/c/elektronnaya-kniga/cover_415/163772-dina-rubina-pocherk-leonardo.jpg",
    "price": 528,
    "rating": 5.3
  },
  {
    "id": 26,
    "title": "Вино из одуванчиков",
    "authorName": "Рэй",
    "author": "Брэдбери",
    "imageUrl": "https://cv2.litres.ru/pub/c/elektronnaya-kniga/cover_415/43195024-rey-bredberi-vino-iz-oduvanchikov.jpg",
    "price": 319,
    "rating": 8.5
  },
  {
    "id": 27,
    "title": "451 градус по Фаренгейту",
    "authorName": "Рэй",
    "author": "Брэдбери",
    "imageUrl": "https://cv6.litres.ru/pub/c/elektronnaya-kniga/cover_415/39507162--.jpg",
    "price": 299,
    "rating": 9.1
  },
  {
    "id": 28,
    "title": "Записки о Шерлоке Холмсе",
    "authorName": "Артур",
    "author": "Конан Дойл",
    "imageUrl": "https://cv7.litres.ru/pub/c/elektronnaya-kniga/cover_415/8891977-arthur-konan-doyle-zapiski-o-sherloke-holmse-8891977.jpg",
    "price": 559,
    "rating": 8.0
  },
  {
    "id": 29,
    "title": "Лекарь. Ученик Авиценны",
    "authorName": "Ной",
    "author": "Гордон",
    "imageUrl": "https://cv9.litres.ru/pub/c/elektronnaya-kniga/cover_415/4964392-noy-gordon-lekar-uchenik-avicenny.jpg",
    "price": 319,
    "rating": 4.2
  },
  {
    "id": 30,
    "title": "Чемодан",
    "authorName": "Сергей",
    "author": "Довлатов",
    "imageUrl": "https://cv8.litres.ru/pub/c/elektronnaya-kniga/cover_415/140183-sergei-dovlatov-chemodan.jpg",
    "price": 389,
    "rating": 4.6
  },
  {
    "id": 31,
    "title": "Ночь",
    "authorName": "Виктор",
    "author": "Мартинович",
    "imageUrl": "https://cv1.litres.ru/pub/c/elektronnaya-kniga/cover_415/43594714-viktor-martinovich-noch.jpg",
    "price": 729,
    "rating": 7.8
  }
]
}